Date,Open,High,Low,Close,Volume
2023-08-25,6.084,6.085,5.913,6.014,3107452.3
2023-08-26,6.014,6.043,5.955,6.006,1636733.49
2023-08-27,6.005,6.045,5.953,6.03,1327983.29
2023-08-28,6.029,6.051,5.85,5.981,3374414.54
2023-08-29,5.981,6.318,5.842,6.194,5586925.4
2023-08-30,6.193,6.198,5.881,5.925,3206141.49
2023-08-31,5.925,6.064,5.73,5.879,4186968.01
2023-09-01,5.878,6.034,5.817,5.941,3668052.2
2023-09-02,5.941,5.999,5.89,5.972,1272779.56
2023-09-03,5.972,6.064,5.948,6.027,1783671.76
2023-09-04,6.03,6.164,5.944,6.012,2785879.47
2023-09-05,6.013,6.154,5.906,6.137,2961423.42
2023-09-06,6.138,6.35,6.094,6.302,4754687.99
2023-09-07,6.301,6.47,6.195,6.387,3097345.2
2023-09-08,6.388,6.404,6.144,6.28,2003043.64
2023-09-09,6.28,6.293,6.157,6.165,1037278.42
2023-09-10,6.165,6.165,5.949,6.015,2940010.89
2023-09-11,6.016,6.035,5.737,5.829,4285220.96
2023-09-12,5.827,6.077,5.808,5.957,3107349.35
2023-09-13,5.958,6.094,5.927,6.02,2998925.26
2023-09-14,6.021,6.213,6.006,6.151,3421841.03
2023-09-15,6.152,6.381,6.099,6.367,2517925.91
2023-09-16,6.367,6.421,6.184,6.281,1902334.13
2023-09-17,6.279,6.282,6.051,6.146,1503567.78
2023-09-18,6.146,6.84,6.099,6.567,7921921.79
2023-09-19,6.566,6.969,6.515,6.846,5536761.2
2023-09-20,6.846,7.045,6.741,6.905,4549051.69
2023-09-21,6.907,6.946,6.605,6.664,4270233.81
2023-09-22,6.665,6.972,6.593,6.958,3083344.65
2023-09-23,6.959,7.232,6.917,7.189,6314709.67
2023-09-24,7.189,7.25,6.95,6.972,3149084.7
2023-09-25,6.972,7.509,6.908,7.494,4956186.61
2023-09-26,7.494,7.576,7.248,7.356,3877254.09
2023-09-27,7.355,7.901,7.271,7.645,7180632.89
2023-09-28,7.641,8.07,7.572,7.807,7218442.3
2023-09-29,7.81,8.082,7.674,7.946,4632422.26
2023-09-30,7.947,8.276,7.939,8.191,5316780.65
2023-10-01,8.19,8.26,7.778,8.054,5741530.2
2023-10-02,8.053,8.103,7.352,7.47,7388633.58
2023-10-03,7.472,7.744,7.366,7.409,4753914.76
2023-10-04,7.408,7.78,7.2,7.674,5466659.39
2023-10-05,7.673,7.793,7.451,7.465,3846525.19
2023-10-06,7.469,7.764,7.432,7.639,3176035.64
2023-10-07,7.64,7.68,7.47,7.524,2235442.95
2023-10-08,7.521,7.948,7.5,7.673,5220385.39
2023-10-09,7.671,7.696,7.134,7.276,5400392.17
2023-10-10,7.276,7.392,7.174,7.259,3315249.53
2023-10-11,7.259,7.43,7.1,7.391,3701911.87
2023-10-12,7.39,7.416,7.115,7.197,3425077.36
2023-10-13,7.198,7.403,7.107,7.256,4244477.6
2023-10-14,7.257,7.373,7.205,7.331,1522386.46
2023-10-15,7.331,7.568,7.285,7.423,2299972.73
2023-10-16,7.422,7.832,7.411,7.525,4491818.19
2023-10-17,7.525,7.559,7.262,7.32,2869585.65
2023-10-18,7.32,7.483,7.28,7.356,2301928.23
2023-10-19,7.356,7.435,7.215,7.304,2421707.11
2023-10-20,7.304,7.71,7.261,7.57,4329807.55
2023-10-21,7.57,9.171,7.52,8.914,15593852.19
2023-10-22,8.914,10.288,8.839,10.19,18639585.65
2023-10-23,10.189,11.058,9.789,10.577,24657322.01
2023-10-24,10.578,11.15,9.661,10.372,17094050.82
2023-10-25,10.371,11.788,10.337,11.058,17153705.46
2023-10-26,11.059,11.392,10.348,10.928,10983527.2
2023-10-27,10.927,11.434,10.605,11.185,11720249.83
2023-10-28,11.184,11.666,10.819,10.923,7686066.07
2023-10-29,10.923,11.297,10.75,11.081,5275457.69
2023-10-30,11.085,11.854,10.89,11.22,9454805.93
2023-10-31,11.22,12.026,10.92,11.353,12476688.51
2023-11-01,11.352,11.786,10.647,11.638,10588892.04
2023-11-02,11.639,11.749,10.806,11.007,8003890.51
2023-11-03,11.007,11.596,10.5,11.46,8887394.75
2023-11-04,11.457,11.626,11.147,11.496,5234888.3
2023-11-05,11.496,12.559,11.356,12.231,11907068.54
2023-11-06,12.231,13.255,12.118,12.984,10027182.42
2023-11-07,12.984,13.34,12.528,13.04,11935472.54
2023-11-08,13.04,14.98,12.81,14.919,12601104.84
2023-11-09,14.918,15.99,13.589,14.603,18901164.92
2023-11-10,14.603,15.644,14.122,15.493,12832103.89
2023-11-11,15.502,16.6,14.708,16.477,11922184.55
2023-11-12,16.477,16.543,15.371,16.025,9480541.7
2023-11-13,16.025,16.3,14.304,14.358,10117089.62
2023-11-14,14.354,14.91,13.361,13.945,12808258.53
2023-11-15,13.947,15.389,13.93,15.027,9561100.03
2023-11-16,15.027,15.22,13.55,13.866,11515683.62
2023-11-17,13.866,14.269,12.853,13.702,10376868.15
2023-11-18,13.707,13.81,12.921,13.75,5989655.98
2023-11-19,13.751,15.054,13.369,14.908,8024107.07
2023-11-20,14.911,15.393,14.365,14.477,7852547.72
2023-11-21,14.475,14.663,13.3,13.359,9307600.94
2023-11-22,13.362,14.621,13.24,14.212,7341318.89
2023-11-23,14.213,14.887,14.122,14.398,5780105.38
2023-11-24,14.398,14.843,14.208,14.482,4360537.63
2023-11-25,14.481,14.975,14.376,14.762,3318038.65
2023-11-26,14.763,15.333,14.364,14.766,5240707.85
2023-11-27,14.768,15.3,13.88,14.186,6146071.04
2023-11-28,14.186,14.712,13.765,14.521,5394866.99
2023-11-29,14.524,14.993,14.376,14.511,4845528.8
2023-11-30,14.514,14.832,14.268,14.412,4398464.68
2023-12-01,14.411,15.048,14.271,14.988,4634512.61
2023-12-02,14.987,16.199,14.919,15.992,6568892.92
2023-12-03,15.992,16.29,15.666,15.705,4379093.89
2023-12-04,15.706,16.396,15.11,15.813,8826925.32
2023-12-05,15.812,16.088,15.178,15.729,7193745.83
2023-12-06,15.72,16.164,15.232,15.268,8057101.19
2023-12-07,15.266,15.802,14.658,15.691,9080106.82
2023-12-08,15.688,17.324,15.55,16.925,10827786.35
2023-12-09,16.926,17.299,16.023,16.196,8430393.84
2023-12-10,16.195,16.454,15.791,16.367,4766574.66
2023-12-11,16.368,16.462,13.78,14.768,14107495.09
2023-12-12,14.767,15.138,14.17,14.523,7450890.25
2023-12-13,14.527,14.959,13.857,14.77,8205912.53
2023-12-14,14.773,15.586,14.21,15.37,8398653.34
2023-12-15,15.372,15.394,14.257,14.281,5588024.0
2023-12-16,14.281,14.801,14.086,14.32,3975469.06
2023-12-17,14.32,14.372,13.91,14.013,3560218.31
2023-12-18,14.016,14.681,13.633,14.674,8220244.73
2023-12-19,14.669,14.808,13.923,14.1,4715602.5
2023-12-20,14.1,14.805,13.975,14.253,5093239.98
2023-12-21,14.252,15.311,14.179,15.305,6978195.1
2023-12-22,15.306,15.729,14.969,15.479,6378166.47
2023-12-23,15.478,15.9,14.894,15.682,6241227.2
2023-12-24,15.682,15.95,15.11,15.262,5937006.95
2023-12-25,15.263,15.802,15.12,15.585,5182592.13
2023-12-26,15.586,15.9,14.3,15.092,6443612.14
2023-12-27,15.092,16.75,14.646,16.709,8604959.81
2023-12-28,16.711,17.672,15.975,16.005,12399584.63
2023-12-29,16.006,16.224,15.116,15.54,7020535.98
2023-12-30,15.539,15.623,15.017,15.167,2951588.48
2023-12-31,15.17,15.528,14.77,14.941,3495890.27
2024-01-01,14.942,15.58,14.81,15.548,3173937.89
2024-01-02,15.547,16.063,15.017,15.166,5675020.93
2024-01-03,15.165,15.578,12.2,14.148,10147635.17
2024-01-04,14.148,14.777,13.975,14.526,4365827.16
2024-01-05,14.53,14.655,13.705,14.091,6076419.59
2024-01-06,14.092,14.098,13.18,13.436,3565461.87
2024-01-07,13.435,13.741,13.0,13.151,3045099.87
2024-01-08,13.155,14.402,12.527,14.139,6343630.56
2024-01-09,14.143,14.25,13.242,13.716,6089402.93
2024-01-10,13.716,15.363,13.563,15.072,6108662.9
2024-01-11,15.073,15.695,14.597,15.022,5971021.52
2024-01-12,15.021,15.304,13.59,14.151,5199803.58
2024-01-13,14.155,14.43,13.788,14.345,2403223.09
2024-01-14,14.345,15.434,14.267,14.755,6981289.71
2024-01-15,14.755,16.018,14.75,15.185,7120605.92
2024-01-16,15.185,15.365,14.739,15.271,3995089.65
2024-01-17,15.267,16.395,15.267,15.761,8906227.12
2024-01-18,15.761,15.773,14.189,14.658,6730412.48
2024-01-19,14.658,16.415,14.461,16.118,9958120.37
2024-01-20,16.118,16.61,15.624,15.781,8343648.47
2024-01-21,15.781,15.912,15.365,15.396,3466755.98
2024-01-22,15.393,15.974,14.507,14.598,8999991.39
2024-01-23,14.597,14.886,13.561,14.3,7634724.2
2024-01-24,14.298,14.442,13.911,14.243,4902671.9
2024-01-25,14.242,14.261,13.506,13.744,3983863.76
2024-01-26,13.744,14.3,13.637,14.187,4124078.3
2024-01-27,14.188,14.4,14.091,14.345,2101656.52
2024-01-28,14.341,14.7,14.201,14.48,3924457.9
2024-01-29,14.479,15.081,14.265,15.004,5591006.51
2024-01-30,15.004,15.805,14.895,15.475,6613663.41
2024-01-31,15.474,16.06,15.083,15.429,9675848.46
2024-02-01,15.427,17.382,15.147,17.19,15982416.79
2024-02-02,17.192,18.88,17.132,17.828,18593885.47
2024-02-03,17.827,18.148,17.502,17.658,7618053.39
2024-02-04,17.661,18.711,17.532,18.153,7542592.91
2024-02-05,18.154,19.794,17.806,19.164,11701737.55
2024-02-06,19.163,19.333,18.21,18.287,7718020.78
2024-02-07,18.287,19.077,18.021,18.817,6288753.44
2024-02-08,18.818,19.271,17.969,18.212,6386966.04
2024-02-09,18.209,18.625,17.973,18.47,5692887.07
2024-02-10,18.47,19.17,17.986,19.084,4237108.87
2024-02-11,19.083,20.676,18.829,20.146,8729373.41
2024-02-12,20.147,20.856,19.751,20.465,9061699.87
2024-02-13,20.467,20.592,19.45,19.87,6228394.6
2024-02-14,19.869,20.43,19.702,20.24,5075660.98
2024-02-15,20.24,20.524,19.65,19.932,4869032.92
2024-02-16,19.931,20.31,19.116,19.551,4600202.39
2024-02-17,19.555,20.273,19.218,20.032,3715998.41
2024-02-18,20.031,20.373,19.752,20.119,2893117.13
2024-02-19,20.12,20.245,19.647,19.832,4131134.93
2024-02-20,19.832,19.883,18.378,19.281,5699014.63
2024-02-21,19.281,19.287,18.0,18.594,4953060.58
2024-02-22,18.594,19.014,18.078,18.121,4209962.51
2024-02-23,18.12,18.286,17.56,17.935,4920946.76
2024-02-24,17.936,18.564,17.756,18.533,2305801.67
2024-02-25,18.533,18.859,18.37,18.722,2002911.08
2024-02-26,18.721,19.264,18.128,19.083,4454205.75
2024-02-27,19.083,19.362,18.662,19.023,4823735.82
2024-02-28,19.022,20.87,18.006,19.43,13518121.88
2024-02-29,19.43,20.455,18.801,19.274,8082763.33
2024-03-01,19.274,20.1,19.266,20.051,4054690.97
2024-03-02,20.052,21.69,19.956,21.398,7764412.97
2024-03-03,21.397,21.536,19.38,20.507,5670314.05
2024-03-04,20.507,20.895,19.82,20.416,6487639.07
2024-03-05,20.415,21.055,16.553,18.973,13545293.99
2024-03-06,18.973,20.152,18.389,20.085,6863998.61
2024-03-07,20.084,20.4,19.591,20.091,4703308.76
2024-03-08,20.092,20.391,19.14,19.699,5624596.13
2024-03-09,19.698,20.33,19.659,19.972,3713915.75
2024-03-10,19.973,21.96,19.379,21.68,6536500.81
2024-03-11,21.682,22.868,20.661,21.277,13248286.27
2024-03-12,21.277,21.341,19.516,20.704,9044025.32
2024-03-13,20.705,20.96,20.201,20.751,5205529.64
2024-03-14,20.752,21.949,19.87,20.88,12982071.97
2024-03-15,20.88,20.998,18.452,19.63,10111374.57
2024-03-16,19.633,19.829,17.806,18.115,6655371.41
2024-03-17,18.114,18.832,17.383,18.666,5308088.19
2024-03-18,18.666,19.494,18.043,18.301,7337983.8
2024-03-19,18.3,18.462,16.5,16.805,11140933.14
2024-03-20,16.804,18.5,16.244,18.412,8681676.8
2024-03-21,18.413,18.919,17.874,18.458,5074727.17
2024-03-22,18.458,18.584,17.325,18.367,4407460.12
2024-03-23,18.367,18.47,17.89,18.063,2509664.7
2024-03-24,18.063,18.628,17.97,18.518,1938843.98
2024-03-25,18.519,19.497,18.372,19.375,3415287.99
2024-03-26,19.375,20.737,19.331,20.007,5054832.06
2024-03-27,20.007,20.186,19.002,19.289,4359990.06
2024-03-28,19.29,19.808,19.043,19.148,3051983.73
2024-03-29,19.148,19.294,18.71,18.967,2573526.7
2024-03-30,18.967,19.291,18.783,18.933,2095740.16
2024-03-31,18.932,19.35,18.872,19.171,1590144.42
2024-04-01,19.17,19.275,17.856,18.358,3750501.14
2024-04-02,18.358,18.486,17.366,17.952,6634337.92
2024-04-03,17.953,18.337,17.38,17.687,3386259.96
2024-04-04,17.683,18.26,17.395,17.791,2903628.96
2024-04-05,17.79,17.791,16.862,17.325,2837274.08
2024-04-06,17.326,17.676,17.262,17.559,1487887.06
2024-04-07,17.56,17.973,17.501,17.913,1694095.78
2024-04-08,17.913,18.677,17.545,18.101,3848266.56
2024-04-09,18.1,18.181,17.241,17.362,3030395.75
2024-04-10,17.362,17.579,16.801,17.417,3470763.22
2024-04-11,17.417,17.62,17.006,17.555,1923583.47
2024-04-12,17.554,17.869,13.368,15.156,12185442.13
2024-04-13,15.155,15.398,11.788,13.288,14506798.73
2024-04-14,13.288,14.256,12.717,14.098,10069683.52
2024-04-15,14.099,14.668,13.222,13.58,7325684.02
2024-04-16,13.582,13.814,12.816,13.46,4853855.31
2024-04-17,13.459,13.608,12.718,13.133,4828560.16
2024-04-18,13.132,13.984,12.815,13.887,3966318.26
2024-04-19,13.888,14.119,12.742,13.946,6021268.15
2024-04-20,13.945,15.037,13.746,14.959,3117853.09
2024-04-21,14.958,15.178,14.527,15.105,2115579.19
2024-04-22,15.105,16.039,15.012,15.445,4323797.19
2024-04-23,15.445,15.572,15.098,15.178,2579511.45
2024-04-24,15.178,15.638,14.361,14.536,4135836.88
2024-04-25,14.536,14.902,14.352,14.593,3431332.32
2024-04-26,14.594,14.934,14.348,14.49,2739843.04
2024-04-27,14.491,14.525,13.87,14.267,2913028.82
2024-04-28,14.267,14.443,13.729,13.809,1626015.75
2024-04-29,13.809,14.186,13.714,14.074,2244207.74
2024-04-30,14.075,14.207,12.768,13.129,3667884.32
2024-05-01,13.128,13.506,12.35,13.347,4938418.64
2024-05-02,13.348,13.776,12.926,13.59,2408170.3
2024-05-03,13.59,14.2,13.459,14.093,2185366.29
2024-05-04,14.093,14.48,13.973,14.316,2150934.56
2024-05-05,14.317,14.662,14.11,14.371,1494724.41
2024-05-06,14.371,15.165,14.277,14.484,3244647.01
2024-05-07,14.484,14.725,13.963,13.997,2558935.56
2024-05-08,13.997,14.121,13.689,13.9,2688746.46
2024-05-09,13.899,14.369,13.842,14.237,2293030.1
2024-05-10,14.237,14.37,13.5,13.564,2824808.84
2024-05-11,13.565,13.812,13.28,13.306,1322923.76
2024-05-12,13.306,13.595,13.284,13.559,932004.7
2024-05-13,13.559,13.678,13.076,13.393,2514847.72
2024-05-14,13.392,13.6,12.933,12.98,2612434.88
2024-05-15,12.985,13.938,12.84,13.865,2926889.87
2024-05-16,13.867,15.866,13.537,15.516,7412429.35
2024-05-17,15.516,16.765,15.478,16.231,9400608.31
2024-05-18,16.231,16.567,16.05,16.329,3328563.95
2024-05-19,16.33,17.136,16.3,16.56,4967635.46
2024-05-20,16.56,17.46,16.362,17.262,6577697.92
2024-05-21,17.263,17.439,16.51,16.739,5456936.22
2024-05-22,16.741,16.929,16.148,16.354,4024068.18
2024-05-23,16.352,16.808,15.442,16.596,5766263.23
2024-05-24,16.596,17.798,16.56,17.25,7298192.05
2024-05-25,17.25,17.472,16.912,17.443,2426265.67
2024-05-26,17.442,17.915,16.991,17.042,3214720.65
2024-05-27,17.042,18.867,16.878,18.786,5638537.81
2024-05-28,18.791,18.838,17.847,18.528,5603881.79
2024-05-29,18.539,19.22,18.036,18.453,4377221.2
2024-05-30,18.453,19.207,17.781,17.944,3752099.99
2024-05-31,17.943,18.74,17.461,18.414,3063262.06
2024-06-01,18.411,18.686,18.266,18.443,1410910.67
2024-06-02,18.442,18.566,18.072,18.143,1523835.06
2024-06-03,18.142,18.359,17.539,17.629,2446283.0
2024-06-04,17.629,17.852,17.474,17.716,1872549.09
2024-06-05,17.716,18.082,17.6,17.741,2229505.03
2024-06-06,17.743,17.776,17.102,17.248,2933861.04
2024-06-07,17.248,17.722,15.3,16.318,4192706.62
2024-06-08,16.319,16.421,15.682,15.928,1915926.5
2024-06-09,15.929,16.383,15.901,16.372,1099628.14
2024-06-10,16.371,16.39,15.76,15.905,1775765.43
2024-06-11,15.906,15.913,14.662,14.988,3486215.88
2024-06-12,14.987,16.236,14.73,16.006,3534449.74
2024-06-13,16.007,16.05,15.052,15.141,2308110.11
2024-06-14,15.139,15.462,14.469,14.744,2962457.3
2024-06-15,14.745,15.113,14.702,14.857,1563299.76
2024-06-16,14.859,15.23,14.57,15.144,1514250.0
2024-06-17,15.141,15.22,14.017,14.523,2994665.1
2024-06-18,14.522,14.62,12.931,13.986,5575818.39
2024-06-19,13.986,14.503,13.913,14.345,2075689.63
2024-06-20,14.346,14.86,14.192,14.255,1908530.59
2024-06-21,14.26,14.595,13.844,13.848,3109887.06
2024-06-22,13.849,13.912,13.468,13.482,1389556.99
2024-06-23,13.483,13.685,13.123,13.194,1460540.28
2024-06-24,13.194,13.689,12.63,13.617,3776245.24
2024-06-25,13.617,14.291,13.571,14.198,2163785.76
2024-06-26,14.197,14.293,13.857,13.915,1473178.38
2024-06-27,13.917,14.63,13.585,14.433,2616406.14
2024-06-28,14.432,14.6,13.757,13.778,2211079.82
2024-06-29,13.777,14.167,13.481,13.543,1485231.67
2024-06-30,13.544,14.35,13.451,14.281,1645240.48
2024-07-01,14.279,14.579,14.22,14.338,1755091.25
2024-07-02,14.338,14.754,14.245,14.415,2151743.28
2024-07-03,14.413,14.596,13.5,13.589,3543779.54
2024-07-04,13.59,13.739,12.512,12.538,4607993.13
2024-07-05,12.539,12.549,11.053,12.311,8073983.29
2024-07-06,12.312,13.283,12.187,13.18,1887193.74
2024-07-07,13.18,13.195,12.289,12.352,1659445.12
2024-07-08,12.355,13.526,11.772,13.121,3902970.7
2024-07-09,13.119,13.316,12.73,12.841,3025500.29
2024-07-10,12.841,13.168,12.69,12.79,2316344.53
2024-07-11,12.791,13.191,12.291,12.347,2913398.11
2024-07-12,12.343,12.829,12.228,12.74,3147280.64
2024-07-13,12.743,13.136,12.7,13.021,1843029.13
2024-07-14,13.019,13.527,12.889,13.448,2749845.4
2024-07-15,13.448,14.511,13.405,14.394,3174140.86
2024-07-16,14.399,14.622,13.814,14.206,3371919.54
2024-07-17,14.208,14.504,13.73,13.737,2632485.26
2024-07-18,13.737,14.003,13.414,13.593,2447987.26
2024-07-19,13.592,14.139,13.335,14.076,2608696.21
2024-07-20,14.076,14.333,13.849,14.247,1546995.05
2024-07-21,14.246,15.196,13.944,14.816,3427519.11
2024-07-22,14.817,14.881,13.78,13.93,1647419.89
2024-07-23,13.93,14.17,13.494,13.91,1421942.97
2024-07-24,13.9,13.96,13.25,13.4,1256030.46
2024-07-25,13.41,13.45,12.47,12.94,1885396.08
2024-07-26,12.93,13.64,12.91,13.53,1174587.03
2024-07-27,13.53,13.88,13.26,13.54,1460433.56
2024-07-28,13.55,13.65,13.19,13.3,705440.02
2024-07-29,13.3,13.91,13.3,13.53,1524616.75
2024-07-30,13.53,13.8,12.98,13.14,1362496.85
2024-07-31,13.13,13.42,12.768,12.83,1497800.16
2024-08-01,12.82,13.1,12.12,12.88,1870585.71
2024-08-02,12.88,12.96,11.76,11.93,2658270.91
2024-08-03,11.92,12.14,11.34,11.68,1748000.69
2024-08-04,11.69,11.79,10.48,10.88,2457740.26
2024-08-05,10.88,10.97,8.08,9.49,17206780.72
2024-08-06,9.49,10.7,9.47,10.07,3797828.71
2024-08-07,10.06,10.49,9.39,9.48,2916617.05
2024-08-08,9.49,10.84,9.34,10.75,2764327.55
2024-08-09,10.74,10.75,10.16,10.53,1744241.58
2024-08-10,10.53,10.71,10.47,10.55,971316.1
2024-08-11,10.56,10.84,9.94,10.0,1547361.69
2024-08-12,10.0,10.75,9.94,10.56,2572403.11
2024-08-13,10.55,10.69,10.09,10.58,1953151.78
2024-08-14,10.58,10.74,10.21,10.39,1606087.78
2024-08-15,10.39,10.69,9.98,10.17,2065975.02
2024-08-16,10.17,10.4,9.91,10.12,1412866.98
2024-08-17,10.13,10.18,10.03,10.16,660305.04
2024-08-18,10.16,10.48,10.06,10.09,1294898.35
2024-08-19,10.09,10.2,9.94,10.19,1446198.29
2024-08-20,10.19,10.55,10.04,10.23,1584395.02
2024-08-21,10.24,11.4,10.14,11.22,2603911.22
2024-08-22,11.21,11.62,11.14,11.48,2372692.02
2024-08-23,11.48,12.21,11.45,12.05,2511841.64
2024-08-24,12.06,12.56,11.9,12.35,1890917.97
2024-08-25,12.34,12.39,11.94,12.1,1680258.12
2024-08-26,12.1,12.7,11.83,11.83,2726249.26
2024-08-27,11.83,12.06,10.9,11.16,2512859.8
2024-08-28,11.15,11.71,10.93,11.17,2391451.06
2024-08-29,11.17,11.47,10.81,10.94,1488137.35
2024-08-30,10.94,11.2,10.5,11.11,1605908.27
2024-08-31,11.12,11.21,10.93,11.02,762838.01
2024-09-01,11.02,11.02,10.23,10.37,1509016.4
2024-09-02,10.37,10.84,10.32,10.77,1315079.57
2024-09-03,10.77,10.88,10.21,10.31,1596734.24
2024-09-04,10.32,10.5,9.82,10.34,2274543.36
2024-09-05,10.33,10.4,9.91,10.03,1234400.81
2024-09-06,10.03,10.18,9.28,9.57,2726820.88
2024-09-07,9.58,10.16,9.56,10.03,1343150.05
2024-09-08,10.03,10.46,9.97,10.35,1350353.58
2024-09-09,10.35,10.83,10.27,10.53,2536489.74
2024-09-10,10.54,10.74,10.33,10.58,1474504.71
2024-09-11,10.58,10.6,10.17,10.4,1527678.77
2024-09-12,10.39,10.81,10.39,10.78,1446798.84
2024-09-13,10.79,11.56,10.64,11.45,2956943.65
2024-09-14,11.45,11.48,11.21,11.29,1145891.32
2024-09-15,11.3,11.36,10.79,10.81,1228933.57
2024-09-16,10.81,10.83,10.41,10.54,1891935.14
2024-09-17,10.54,10.92,10.43,10.63,1812776.35
2024-09-18,10.63,10.9,10.29,10.89,1980319.05
2024-09-19,10.9,11.4,10.9,11.21,2838273.01
2024-09-20,11.21,11.74,11.12,11.44,2711552.15
2024-09-21,11.44,11.55,11.21,11.5,1321660.74
2024-09-22,11.5,11.55,10.84,11.13,1594550.09
2024-09-23,11.12,11.61,10.92,11.39,2250270.71
2024-09-24,11.4,12.23,11.2,12.15,2854159.21
2024-09-25,12.15,12.56,12.06,12.11,2605279.51
2024-09-26,12.11,12.75,11.87,12.56,3111496.33
2024-09-27,12.56,12.88,12.44,12.67,2804745.6
2024-09-28,12.66,12.98,12.36,12.95,2187458.11
2024-09-29,12.95,12.98,12.43,12.46,1484031.12
2024-09-30,12.47,12.48,11.75,11.85,2055007.13
2024-10-01,11.85,12.26,10.84,11.01,4149387.7
2024-10-02,11.01,11.31,10.45,10.66,3135603.43
2024-10-03,10.65,10.87,10.34,10.66,2609545.82
2024-10-04,10.66,11.25,10.59,11.08,2180620.51
2024-10-05,11.08,11.38,10.98,11.27,1206500.32
2024-10-06,11.27,11.4,11.16,11.27,1438654.89
2024-10-07,11.28,11.76,11.12,11.16,2903675.63
2024-10-08,11.16,11.29,10.78,10.82,2511775.1
2024-10-09,10.83,10.97,10.41,10.53,2572154.31
2024-10-10,10.54,10.75,10.25,10.56,2311977.76
2024-10-11,10.55,11.03,10.5,10.91,1729530.83
2024-10-12,10.9,11.15,10.83,11.01,1409186.28
2024-10-13,11.0,11.08,10.62,10.75,1465344.52
2024-10-14,10.75,11.35,10.6,11.28,2770179.29
2024-10-15,11.29,11.7,10.93,11.45,4806201.65
2024-10-16,11.45,11.54,11.06,11.24,2177488.42
2024-10-17,11.25,11.35,10.85,11.03,1843237.65
2024-10-18,11.03,11.51,10.98,11.48,2177797.1
2024-10-19,11.48,11.6,11.29,11.42,1040836.05
2024-10-20,11.42,12.04,11.27,11.98,2070368.07
2024-10-21,11.98,12.03,11.54,11.71,2142895.94
2024-10-22,11.7,12.35,11.59,11.97,3746862.51
2024-10-23,11.98,12.01,11.0,11.32,2846227.54
2024-10-24,11.32,11.65,11.22,11.62,2056184.87
2024-10-25,11.62,12.1,10.8,11.13,4150315.56
2024-10-26,11.14,11.4,10.82,11.01,2431743.17
2024-10-27,11.01,11.18,10.84,10.99,1292426.51
2024-10-28,10.99,11.27,10.71,11.18,2232645.81
2024-10-29,11.19,11.81,11.15,11.8,2413413.41
2024-10-30,11.8,12.45,11.65,12.39,3115047.04
2024-10-31,12.4,12.47,11.31,11.41,2672404.77
2024-11-01,11.41,11.73,11.13,11.25,3095385.47
2024-11-02,11.24,11.4,11.07,11.19,2144981.92
2024-11-03,11.19,11.24,10.51,10.76,3043948.92
2024-11-04,10.75,10.92,10.07,10.26,3285395.24
2024-11-05,10.25,10.94,10.18,10.83,2451648.01
2024-11-06,10.84,12.32,10.8,12.17,6021284.14
2024-11-07,12.17,12.71,12.06,12.59,4102157.95
2024-11-08,12.59,13.75,12.52,13.69,5862824.36
2024-11-09,13.69,13.84,13.28,13.78,3227868.58
2024-11-10,13.78,14.85,13.65,14.25,7213896.18
2024-11-11,14.26,14.94,13.61,14.91,7032175.76
2024-11-12,14.91,15.34,13.66,13.95,9709186.6
2024-11-13,13.95,14.38,13.05,13.48,7983731.02
2024-11-14,13.49,13.83,12.8,13.0,5553257.49
2024-11-15,13.0,13.9,12.71,13.84,4456308.53
2024-11-16,13.84,14.8,13.73,14.52,5856591.0
2024-11-17,14.53,14.9,13.56,13.78,4925533.75
2024-11-18,13.79,16.0,13.75,15.26,8507217.52
2024-11-19,15.27,15.43,14.33,14.62,4551823.82
2024-11-20,14.62,15.32,14.03,14.24,5709847.39
2024-11-21,14.24,15.38,13.83,14.89,6056901.96
2024-11-22,14.89,16.59,14.72,16.57,10260318.34
2024-11-23,16.57,18.39,16.3,17.38,11533900.71
2024-11-24,17.39,18.34,16.1,17.91,8358817.85
2024-11-25,17.91,19.06,17.14,17.34,10299574.1
2024-11-26,17.34,17.84,16.18,17.34,6811917.35
2024-11-27,17.34,19.0,16.96,18.66,7273824.08
2024-11-28,18.66,18.69,17.48,17.93,4613852.6
2024-11-29,17.94,18.41,17.52,18.24,3855567.29
2024-11-30,18.25,19.441,17.93,19.0,5052772.3
2024-12-01,19.0,19.11,18.43,18.92,4149445.38
2024-12-02,18.91,26.9,18.57,25.23,36222747.77
2024-12-03,25.22,26.32,22.54,24.09,22028330.36
2024-12-04,24.1,26.59,23.6,24.07,14113341.66
2024-12-05,24.07,24.82,22.41,23.15,9709163.86
2024-12-06,23.15,25.94,22.75,25.87,8541586.87
2024-12-07,25.88,26.89,24.44,24.79,6873804.42
2024-12-08,24.79,27.41,24.68,26.09,9422038.91
2024-12-09,26.09,27.36,19.56,22.25,19183245.38
2024-12-10,22.24,23.78,20.27,22.12,15548546.65
2024-12-11,22.11,24.33,21.14,24.07,7801029.71
2024-12-12,24.06,29.45,23.87,29.13,21001352.82
2024-12-13,29.14,30.94,27.53,28.99,14381820.64
2024-12-14,28.99,30.77,28.71,29.12,10705069.13
2024-12-15,29.13,29.88,28.02,29.26,7150900.76
2024-12-16,29.25,30.85,28.41,28.73,11253244.27
2024-12-17,28.74,29.07,27.3,27.86,8162177.01
2024-12-18,27.86,28.4,24.72,24.86,10891198.88
2024-12-19,24.85,25.61,21.72,22.81,14916127.01
2024-12-20,22.81,23.72,20.02,23.39,13433143.15
2024-12-21,23.4,24.94,21.78,22.13,8748702.92
2024-12-22,22.14,22.79,21.31,22.08,4483502.54
2024-12-23,22.08,24.97,21.49,24.55,9215196.76
2024-12-24,24.55,25.99,23.54,25.42,8371919.06
2024-12-25,25.43,25.59,24.15,24.44,4716973.49
2024-12-26,24.44,24.7,22.42,22.68,4244868.44
2024-12-27,22.68,23.67,21.37,21.57,5144826.16
2024-12-28,21.56,22.38,21.06,21.99,4644178.39
2024-12-29,21.99,22.02,20.77,20.96,2537973.93
2024-12-30,20.96,21.83,20.09,20.58,4524110.74
2024-12-31,20.57,21.2,19.82,20.01,4498064.0
2025-01-01,20.02,21.86,19.67,21.73,4784506.5
2025-01-02,21.73,22.91,21.72,22.07,5942889.48
2025-01-03,22.07,23.9,21.63,23.48,6281911.66
2025-01-04,23.48,24.05,22.87,23.6,3449453.99
2025-01-05,23.6,23.83,22.85,23.58,2516610.67
2025-01-06,23.58,24.78,23.01,23.83,5871853.9
2025-01-07,23.83,23.84,21.18,21.38,7603584.68
2025-01-08,21.39,21.73,19.59,20.44,6791105.29
2025-01-09,20.44,20.73,19.14,19.65,5470102.72
2025-01-10,19.64,20.54,19.53,20.24,5079025.48
2025-01-11,20.25,20.69,19.81,20.21,2575892.75
2025-01-12,20.21,20.34,19.59,19.84,2354200.64
2025-01-13,19.85,20.44,17.83,19.35,8929572.72
2025-01-14,19.36,20.51,19.25,20.32,4234979.71
2025-01-15,20.33,22.15,20.1,22.1,7193382.93
2025-01-16,22.1,23.78,21.3,23.03,8100341.74
2025-01-17,23.03,25.23,23.02,25.09,5333944.46
2025-01-18,25.1,25.67,23.37,24.12,7180885.24
2025-01-19,24.12,26.71,22.19,24.34,18510171.54
2025-01-20,24.34,26.94,23.4,25.09,21688921.29
2025-01-21,25.08,27.09,23.68,26.67,10509727.17
2025-01-22,26.67,27.21,25.13,25.3,4298632.85
2025-01-23,25.29,26.25,23.98,25.65,6658261.17
2025-01-24,25.66,26.44,24.86,25.18,4571970.71
2025-01-25,25.17,25.44,24.68,24.93,2767936.88
2025-01-26,24.93,26.39,24.86,24.88,3530502.68
2025-01-27,24.88,25.14,22.18,24.21,9451690.74
2025-01-28,24.22,24.66,22.36,22.61,4338921.76
2025-01-29,22.62,24.45,22.32,23.66,5429195.02
2025-01-30,23.66,25.21,23.41,24.46,4138779.01
2025-01-31,24.46,26.4,24.12,25.17,5624198.46
2025-02-01,25.16,25.99,22.76,22.98,4595841.04
2025-02-02,22.98,23.33,19.29,20.46,12557348.56
2025-02-03,20.47,22.05,15.4,21.64,31291131.83
2025-02-04,21.64,21.71,19.32,19.97,10301205.02
2025-02-05,19.98,20.27,18.96,19.19,5964659.67
2025-02-06,19.19,19.94,18.41,18.58,4582527.29
2025-02-07,18.59,19.86,17.79,18.39,5908194.93
2025-02-08,18.39,18.63,17.87,18.45,2487416.07
2025-02-09,18.44,19.0,17.44,18.26,3353841.91
2025-02-10,18.26,19.13,17.67,18.81,3713087.79
2025-02-11,18.8,19.79,18.22,18.66,4263524.03
2025-02-12,18.65,19.51,17.64,19.2,5633560.52
2025-02-13,19.2,19.34,18.18,18.56,2549414.88
2025-02-14,18.56,19.84,18.45,19.38,3273627.94
2025-02-15,19.39,19.67,18.73,18.99,1679060.06
2025-02-16,19.0,19.26,18.56,18.69,1828935.06
2025-02-17,18.7,19.8,18.36,19.12,3643081.5
2025-02-18,19.12,19.2,17.28,17.88,4505341.14
2025-02-19,17.88,18.21,17.44,17.98,2675151.19
2025-02-20,17.98,18.48,17.81,18.28,2731996.9
2025-02-21,18.28,19.06,17.12,17.43,4587895.37
2025-02-22,17.43,18.03,17.3,17.76,2055640.23
2025-02-23,17.76,18.13,17.42,17.62,1720018.44
2025-02-24,17.62,17.75,14.97,15.26,5293023.88
2025-02-25,15.26,15.59,14.02,15.31,10228092.27
2025-02-26,15.31,15.78,14.67,15.26,6144417.14
2025-02-27,15.26,15.78,14.78,15.1,3366542.39
2025-02-28,15.11,15.2,13.45,14.81,6722597.01
2025-03-01,14.81,15.14,14.22,14.75,2768879.74
2025-03-02,14.75,17.55,14.4,17.42,7915106.42
2025-03-03,17.42,17.49,14.36,14.46,8257408.33
2025-03-04,14.46,15.36,13.08,14.86,10326427.49
2025-03-05,14.87,16.59,14.63,16.43,8116733.84
2025-03-06,16.43,17.67,16.37,17.06,8697077.04
2025-03-07,17.06,17.54,15.73,15.94,10299090.47
2025-03-08,15.95,16.04,15.13,15.26,3134313.82
2025-03-09,15.27,15.37,13.6,13.81,4248839.69
2025-03-10,13.81,14.57,12.41,12.65,7677019.97
2025-03-11,12.66,13.66,11.85,13.13,10016626.39
2025-03-12,13.14,13.81,12.64,13.49,6327960.06
2025-03-13,13.49,13.6,12.71,13.04,4141753.02
2025-03-14,13.04,14.71,12.99,13.66,12755289.32
2025-03-15,13.66,14.25,13.63,14.01,3408277.79
2025-03-16,14.02,14.19,13.21,13.37,2780110.54
2025-03-17,13.38,14.24,13.34,14.03,3319483.11
2025-03-18,14.03,14.28,13.46,13.91,2922034.37
2025-03-19,13.92,15.05,13.77,15.03,5082770.6
2025-03-20,15.03,15.17,14.08,14.22,3092914.51
2025-03-21,14.22,14.39,13.82,13.97,1751688.08
2025-03-22,13.96,14.5,13.93,14.25,1474759.41
2025-03-23,14.25,14.5,14.21,14.47,1401116.5
2025-03-24,14.46,15.41,14.16,15.13,3509456.58
2025-03-25,15.13,15.61,14.87,15.44,2219727.7
2025-03-26,15.43,16.0,14.94,15.24,3150903.48
2025-03-27,15.25,15.8,15.17,15.52,2499733.03
2025-03-28,15.53,15.59,14.0,14.25,3532174.05
2025-03-29,14.25,14.42,13.37,13.55,2413896.58
2025-03-30,13.56,13.87,13.19,13.41,2061395.48
2025-03-31,13.42,13.72,12.96,13.51,2664605.78
2025-04-01,13.5,14.4,13.49,14.04,2669710.9
2025-04-02,14.04,14.4,12.81,12.9,6814389.49
2025-04-03,12.9,13.31,12.3,12.9,5139724.57
2025-04-04,12.9,13.2,12.35,12.94,4559146.69
2025-04-05,12.94,13.06,12.57,12.85,1414775.76
2025-04-06,12.84,12.96,11.0,11.28,4370640.73
2025-04-07,11.29,11.89,10.1,11.45,13409341.29
2025-04-08,11.46,11.89,10.78,10.93,4384116.83
2025-04-09,10.93,12.82,10.44,12.65,8980891.69
2025-04-10,12.65,12.67,11.68,12.08,4138245.7
2025-04-11,12.07,12.9,12.02,12.64,3323588.23
2025-04-12,12.64,13.29,12.47,13.15,2468342.79
2025-04-13,13.15,13.23,12.43,12.62,3154296.08
2025-04-14,12.63,13.25,12.57,12.63,2801098.17
2025-04-15,12.64,12.84,12.21,12.24,3088546.47
2025-04-16,12.24,12.53,11.89,12.35,2896851.83
2025-04-17,12.35,12.71,12.2,12.54,2255618.77
2025-04-18,12.54,12.72,12.4,12.56,1155230.48
2025-04-19,12.57,13.06,12.53,12.94,1188404.07
2025-04-20,12.93,13.6,12.87,13.28,2277566.14
2025-04-21,13.29,13.7,12.96,13.11,2623398.74
2025-04-22,13.1,14.18,12.88,14.13,3872482.56
2025-04-23,14.13,15.28,14.01,15.02,4479481.4
2025-04-24,15.02,15.15,14.15,15.06,3263326.6
2025-04-25,15.06,15.36,14.71,14.92,3790777.91
2025-04-26,14.92,15.28,14.67,14.86,2127724.28
2025-04-27,14.87,15.1,14.37,14.56,2456622.73
2025-04-28,14.56,15.11,14.24,15.03,3049340.9
2025-04-29,15.03,15.24,14.47,14.6,2173196.17
2025-04-30,14.61,14.76,13.83,14.3,2127588.64
2025-05-01,14.3,15.04,14.3,14.74,2952704.48
2025-05-02,14.74,15.03,14.49,14.65,2801948.57
2025-05-03,14.65,14.67,14.16,14.24,1788850.74
2025-05-04,14.24,14.37,13.81,13.86,1579429.9
2025-05-05,13.86,14.2,13.48,13.65,2448399.35
2025-05-06,13.65,13.89,13.2,13.82,2166912.06
2025-05-07,13.82,14.09,13.46,13.82,1873337.32
2025-05-08,13.81,15.99,13.81,15.88,5676038.21
2025-05-09,15.89,16.73,15.58,16.01,6902689.72
2025-05-10,16.01,17.47,15.86,17.34,5230336.13
2025-05-11,17.34,17.42,16.3,17.1,4824652.78
2025-05-12,17.1,17.98,16.03,16.74,6485836.98
2025-05-13,16.74,17.81,16.03,17.39,5140765.42
2025-05-14,17.4,17.53,16.67,17.01,3739156.87
2025-05-15,17.02,17.21,15.69,16.04,4599640.32
2025-05-16,16.04,16.54,15.61,15.76,3037327.69
2025-05-17,15.76,15.79,15.07,15.32,2634568.83
2025-05-18,15.33,16.4,14.88,15.88,4286878.87
2025-05-19,15.88,16.01,14.84,15.78,4330819.39
2025-05-20,15.79,16.42,15.24,15.71,4389269.1
2025-05-21,15.71,16.49,15.52,16.1,6093462.07
2025-05-22,16.1,16.91,16.04,16.74,4542884.36
2025-05-23,16.74,17.16,15.42,15.53,6190632.79
2025-05-24,15.53,15.91,15.24,15.34,2601739.54
2025-05-25,15.34,15.56,14.86,15.54,2236117.68
2025-05-26,15.54,15.96,15.4,15.54,2143637.24
2025-05-27,15.54,16.13,15.15,15.91,2513450.22
2025-05-28,15.91,16.16,15.31,15.69,2287285.42
2025-05-29,15.69,16.19,15.0,15.05,3470428.69
2025-05-30,15.05,15.12,13.76,13.9,6106096.75
2025-05-31,13.89,14.19,13.39,13.97,3241877.57
2025-06-01,13.97,14.13,13.58,14.06,1673437.42
2025-06-02,14.06,14.12,13.59,14.07,1803670.48
2025-06-03,14.08,14.45,13.98,14.11,2397370.67
2025-06-04,14.12,14.48,13.7,13.83,1698210.37
2025-06-05,13.84,14.04,12.64,12.89,4325191.79
2025-06-06,12.89,13.69,12.82,13.56,2892254.8
2025-06-07,13.57,14.08,13.48,13.83,1796907.09
2025-06-08,13.82,13.98,13.55,13.73,1301631.33
2025-06-09,13.73,14.4,13.54,14.36,2139591.17
2025-06-10,14.36,15.53,14.32,15.45,4610246.8
2025-06-11,15.45,15.66,14.77,14.89,4342696.57
2025-06-12,14.89,14.93,13.83,13.97,3957934.78
2025-06-13,13.98,13.99,12.75,13.44,6529679.32
2025-06-14,13.45,13.46,12.83,13.15,1849077.29
2025-06-15,13.16,13.33,13.0,13.3,1457954.35
2025-06-16,13.3,14.17,13.17,13.56,2758548.76
2025-06-17,13.57,13.79,12.8,12.99,3726610.19
2025-06-18,13.0,13.23,12.63,13.11,2573912.22
2025-06-19,13.12,13.38,12.91,13.07,1851285.83
2025-06-20,13.07,13.29,12.3,12.51,2738596.05
2025-06-21,12.51,12.75,11.69,12.03,2605780.15
2025-06-22,12.03,12.2,10.94,11.65,5918789.6
2025-06-23,11.65,12.97,11.39,12.82,4411334.51
2025-06-24,12.83,13.73,12.78,13.42,4188366.46
2025-06-25,13.42,13.51,12.99,13.13,2471771.03
2025-06-26,13.14,13.57,12.88,12.94,1893346.8
2025-06-27,12.94,13.23,12.73,13.05,1558205.31
2025-06-28,13.05,13.45,13.0,13.39,1200113.9
2025-06-29,13.4,13.88,13.24,13.7,1498678.23
2025-06-30,13.71,13.78,13.12,13.38,2514005.77
2025-07-01,13.37,13.44,12.78,12.9,1734062.81
2025-07-02,12.9,13.85,12.73,13.56,3263950.46
2025-07-03,13.55,14.08,13.43,13.67,3061053.26
2025-07-04,13.66,13.78,12.93,13.16,2145964.77
2025-07-05,13.16,13.27,12.99,13.23,900526.54
2025-07-06,13.23,13.7,13.1,13.48,1349555.74
2025-07-07,13.49,13.73,13.25,13.44,1830708.82
2025-07-08,13.43,14.0,13.2,13.96,2064962.22
2025-07-09,13.97,14.38,13.81,14.25,3387387.4
2025-07-10,14.25,15.34,14.15,15.23,3789246.68
2025-07-11,15.24,15.88,15.01,15.28,5080650.86
2025-07-12,15.29,15.48,14.7,15.11,2060919.92
2025-07-13,15.11,15.95,15.04,15.66,2764273.77
2025-07-14,15.66,16.47,15.57,15.75,4507587.92
2025-07-15,15.76,16.2,15.14,16.11,4643980.94
2025-07-16,16.11,17.04,15.82,16.67,5287087.42
2025-07-17,16.68,18.1,16.32,18.0,5904663.79
2025-07-18,18.0,19.17,17.32,17.83,9174118.14
2025-07-19,17.83,18.55,17.53,18.39,3650635.55
2025-07-20,18.4,20.01,18.32,19.27,6911594.44
2025-07-21,19.28,20.28,18.98,19.5,5619450.18
2025-07-22,19.49,19.99,18.63,19.66,5855280.76
2025-07-23,19.66,19.76,17.55,18.18,5010078.18
2025-07-24,18.18,18.69,17.15,17.91,4483165.69
2025-07-25,17.92,18.49,17.23,18.28,4032429.61
2025-07-26,18.29,18.64,18.16,18.41,2049354.9
2025-07-27,18.41,19.3,18.35,19.24,2938359.71
2025-07-28,19.24,19.56,17.97,18.12,3736717.03
2025-07-29,18.11,18.64,17.47,17.83,3802532.57
2025-07-30,17.84,17.95,16.77,17.71,3659853.89
2025-07-31,17.72,18.24,16.84,16.92,3516703.42
2025-08-01,16.93,17.03,15.67,16.07,6610546.3
2025-08-02,16.07,16.27,15.43,15.65,3023394.29
2025-08-03,15.64,16.4,15.44,16.3,1579840.27
2025-08-04,16.3,17.2,16.27,17.11,2701936.82
2025-08-05,17.12,17.12,16.08,16.38,3046165.48
2025-08-06,16.39,16.91,16.03,16.67,1844029.67
2025-08-07,16.67,18.5,16.57,18.48,5571750.6
2025-08-08,18.47,19.98,18.08,19.89,7663560.63
2025-08-09,19.89,21.99,19.78,21.94,7563414.97
2025-08-10,21.95,22.7,21.15,22.06,8655572.56
2025-08-11,22.07,22.61,20.84,21.07,7095724.29
2025-08-12,21.07,24.2,21.0,23.6,11374582.29
2025-08-13,23.6,24.74,23.23,23.98,11235490.05
2025-08-14,23.98,24.31,21.51,22.46,10838260.75
2025-08-15,22.45,23.04,21.36,21.76,5502258.56
2025-08-16,21.75,22.97,21.39,22.64,4847903.21
2025-08-17,22.64,26.33,22.36,25.64,11607242.36
2025-08-18,25.64,26.76,24.29,25.78,16005492.4
2025-08-19,25.79,25.81,23.42,23.56,12457022.21
2025-08-20,23.56,26.89,23.36,26.45,14580303.4
2025-08-21,26.45,26.6,24.63,24.82,8579726.43
2025-08-22,24.82,27.87,24.09,26.79,17391120.82
2025-08-23,26.8,26.83,25.52,26.28,6342745.06
2025-08-24,26.28,26.62,25.21,25.82,7437373.67
2025-08-25,25.82,26.46,23.08,23.38,10082049.36
2025-08-26,23.38,24.76,22.88,24.38,8019450.82
2025-08-27,24.37,24.69,23.58,23.78,7229659.66
2025-08-28,23.78,26.03,23.56,25.18,12872418.89
2025-08-29,25.18,25.23,23.11,23.43,9640370.92
2025-08-30,23.43,23.52,22.83,23.51,2759889.54
2025-08-31,23.51,24.06,23.18,23.2,4221549.06
2025-09-01,23.2,23.87,22.09,22.51,6922598.37
2025-09-02,22.52,23.6,22.34,23.49,5570998.65
2025-09-03,23.49,23.91,23.21,23.69,3694295.37
2025-09-04,23.69,23.97,22.18,22.32,3947853.36
2025-09-05,22.32,23.24,22.04,22.28,6727388.7
2025-09-06,22.28,22.52,21.87,22.19,2487454.71
2025-09-07,22.2,22.61,22.12,22.47,1891346.07
2025-09-08,22.47,23.31,22.23,23.04,3767545.95
2025-09-09,23.04,23.82,22.83,23.05,4633041.62
2025-09-10,23.05,23.93,22.89,23.57,3302753.17
2025-09-11,23.57,24.5,23.31,24.47,4025863.56
2025-09-12,24.47,25.33,24.16,25.13,4645718.7
2025-09-13,25.12,25.64,24.44,24.88,4154255.78
2025-09-14,24.88,25.02,23.84,24.09,2601143.16
2025-09-15,24.1,24.44,22.97,23.56,3698495.94
2025-09-16,23.56,23.76,23.1,23.48,2566010.45
2025-09-17,23.49,24.24,22.75,23.99,5315579.68
2025-09-18,24.0,24.75,23.68,24.62,3504432.03
2025-09-19,24.63,24.89,23.27,23.47,4258058.9
2025-09-20,23.48,23.66,23.09,23.34,1692009.53
2025-09-21,23.33,23.49,22.9,22.96,1321893.75
2025-09-22,22.95,23.05,20.24,21.65,8224657.83
2025-09-23,21.66,22.05,21.17,21.52,3338803.5
2025-09-24,21.52,21.97,20.98,21.6,4170756.29
2025-09-25,21.61,21.66,19.82,20.14,6221553.31
2025-09-26,20.15,21.24,19.93,21.07,3841681.96
2025-09-27,21.07,21.15,20.73,20.91,986010.15
2025-09-28,20.92,21.71,20.43,21.68,1599640.6
2025-09-29,21.68,21.9,20.9,21.74,2497335.67
2025-09-30,21.73,21.87,20.96,21.3,2883237.53
2025-10-01,21.31,22.63,21.05,22.58,3207385.07
2025-10-02,22.57,23.13,21.93,22.77,3766228.87
2025-10-03,22.78,23.09,22.09,22.5,4104599.03
2025-10-04,22.5,22.62,21.76,22.01,2081829.77
2025-10-05,22.02,22.94,21.88,22.0,2618277.27
2025-10-06,22.0,23.6,21.47,23.37,5609599.65
2025-10-07,23.37,23.73,21.75,21.79,5844902.56
2025-10-08,21.8,22.67,21.62,22.63,2790526.23
2025-10-09,22.63,22.67,21.32,21.99,3321045.72
2025-10-10,22.0,22.78,7.9,17.31,23919723.86
2025-10-11,17.31,19.0,16.6,17.2,11458227.87
2025-10-12,17.2,19.42,16.68,19.0,7320321.66
2025-10-13,19.0,20.19,18.73,19.84,8049413.89
2025-10-14,19.84,20.07,18.07,19.1,7462448.83
2025-10-15,19.1,19.26,17.73,18.06,4509983.09
2025-10-16,18.05,18.63,17.1,17.43,5003348.51
2025-10-17,17.42,17.69,15.69,16.61,7835846.23
2025-10-18,16.61,17.01,16.57,16.82,1907438.23
2025-10-19,16.81,17.66,16.53,17.29,3899283.36
2025-10-20,17.29,19.19,16.93,18.66,7350769.65
2025-10-21,18.66,18.97,17.53,17.61,7395919.32
2025-10-22,17.6,17.84,16.71,17.2,4748622.1
2025-10-23,17.2,17.79,17.09,17.44,3347662.36
2025-10-24,17.44,18.1,17.29,17.89,3108106.38
2025-10-25,17.89,18.25,17.79,18.02,1335088.7
2025-10-26,18.02,18.69,17.69,18.55,3365251.69
2025-10-27,18.54,19.06,18.08,18.22,3943961.89
2025-10-28,18.21,18.83,17.43,17.83,4096933.57
2025-10-29,17.83,18.67,17.54,18.13,5416675.72
2025-10-30,18.14,18.43,16.32,16.8,6399161.49
2025-10-31,16.8,17.46,16.73,17.24,3731444.08
2025-11-01,17.24,17.44,17.04,17.14,1754292.31
2025-11-02,17.15,17.64,16.99,17.58,2182107.95
2025-11-03,17.59,17.66,14.51,15.25,8552762.39
2025-11-04,15.25,15.51,13.69,14.68,10850755.72
2025-11-05,14.69,15.4,13.98,15.09,5894032.13
2025-11-06,15.08,15.24,14.24,14.74,3839934.18
2025-11-07,14.74,16.23,14.31,15.79,5993232.84
2025-11-08,15.79,16.03,15.12,15.51,4114455.99
2025-11-09,15.52,16.13,15.02,15.93,3070400.01
2025-11-10,15.92,16.67,15.79,16.36,4747415.9
2025-11-11,16.36,16.8,15.25,15.28,4143466.43
2025-11-12,15.28,16.25,14.92,15.15,4424573.31
2025-11-13,15.15,16.02,14.14,14.54,5949252.14
2025-11-14,14.55,14.61,13.58,13.81,6599254.26
2025-11-15,13.81,14.34,13.79,14.14,2552274.78
2025-11-16,14.14,14.54,13.4,13.73,5401879.85
2025-11-17,13.73,14.29,13.08,13.33,5381203.2
2025-11-18,13.34,14.0,13.06,13.79,4903240.7
2025-11-19,13.8,13.83,12.77,13.53,5275849.25
2025-11-20,13.53,14.0,12.77,12.93,7252067.4
2025-11-21,12.94,13.22,11.61,12.11,10358430.4
2025-11-22,12.12,12.31,11.74,12.17,3456903.63
2025-11-23,12.17,12.75,12.11,12.53,4334135.56
2025-11-24,12.52,13.21,12.3,12.97,4496999.27
2025-11-25,12.97,13.22,12.55,13.09,4555186.5
2025-11-26,13.08,13.51,12.75,13.46,3028988.41
2025-11-27,13.45,13.57,13.23,13.34,1701459.82
2025-11-28,13.33,13.55,13.04,13.13,2123209.77
2025-11-29,13.12,13.22,12.91,12.99,1416097.99
2025-11-30,12.99,13.42,12.93,12.95,1500368.36
2025-12-01,12.95,12.99,11.74,12.07,5522451.03
2025-12-02,12.07,13.59,11.98,13.47,4969655.99
2025-12-03,13.47,14.75,13.43,14.64,7868526.73
2025-12-04,14.64,14.93,13.97,14.25,3758770.08
2025-12-05,14.25,14.4,13.36,13.59,3480586.8
2025-12-06,13.59,14.08,13.49,13.92,1853489.23
2025-12-07,13.91,14.18,13.17,13.65,3292175.7
2025-12-08,13.65,14.29,13.56,13.76,2670832.64
2025-12-09,13.76,15.01,13.53,14.41,3722324.34
2025-12-10,14.41,14.89,13.94,14.1,4263150.6
2025-12-11,14.09,14.21,13.4,14.07,3338662.89
2025-12-12,14.06,14.35,13.27,13.63,2772453.23
2025-12-13,13.64,13.97,13.6,13.74,1138943.54
2025-12-14,13.74,13.8,13.09,13.28,1444630.59
2025-12-15,13.28,13.74,12.47,12.85,3683730.69
2025-12-16,12.86,13.13,12.55,12.93,3079222.23
2025-12-17,12.93,13.18,12.12,12.27,4482766.86
2025-12-18,12.26,12.88,11.74,11.93,4358098.12
2025-12-19,11.93,12.76,11.84,12.54,3247113.51
2025-12-20,12.54,12.72,12.48,12.56,931824.28
2025-12-21,12.55,12.71,12.22,12.44,1465467.53
2025-12-22,12.44,12.95,12.33,12.58,2293793.13
2025-12-23,12.58,12.7,12.07,12.39,2796573.57
2025-12-24,12.39,12.44,12.01,12.28,1615917.48
2025-12-25,12.27,12.43,11.99,12.07,1333620.15
2025-12-26,12.06,12.54,12.02,12.19,1924237.68
2025-12-27,12.18,12.55,12.16,12.52,1069666.97
2025-12-28,12.52,12.6,12.32,12.5,1277287.38
2025-12-29,12.5,13.03,12.25,12.3,2954854.09
2025-12-30,12.31,12.61,12.26,12.42,1646109.08
2025-12-31,12.42,12.55,12.19,12.21,1623004.35
2026-01-01,12.2,12.64,12.15,12.6,1298317.35
2026-01-02,12.61,13.43,12.58,13.27,3912084.12
2026-01-03,13.27,13.37,12.97,13.23,1815555.33
2026-01-04,13.24,13.58,13.21,13.43,1896532.62
2026-01-05,13.42,14.13,13.4,13.9,4109474.72
2026-01-06,13.91,14.24,13.47,14.04,4765607.39
2026-01-07,14.03,14.04,13.29,13.44,3137962.62
2026-01-08,13.45,13.56,13.03,13.21,2702515.67
2026-01-09,13.22,13.45,13.03,13.14,2260152.41
2026-01-10,13.14,13.26,13.07,13.13,1031188.16
2026-01-11,13.14,13.37,13.05,13.21,1177324.14
2026-01-12,13.21,13.52,12.93,13.08,2177683.73
2026-01-13,13.08,14.18,13.05,14.06,3292078.9
2026-01-14,14.06,14.4,13.85,14.11,3393667.12
2026-01-15,14.11,14.22,13.56,13.8,3074233.52
2026-01-16,13.8,13.87,13.43,13.73,1843762.86
2026-01-17,13.73,13.9,13.63,13.75,931201.13
2026-01-18,13.74,13.88,13.3,13.32,1741389.83
2026-01-19,13.31,13.32,12.37,12.88,4620041.93
2026-01-20,12.88,12.91,12.03,12.12,2563317.41
2026-01-21,12.13,12.66,11.89,12.4,2945663.72
2026-01-22,12.4,12.58,12.12,12.27,1814067.05
2026-01-23,12.26,12.5,12.04,12.22,1371389.49
2026-01-24,12.22,12.28,12.13,12.2,873927.83
2026-01-25,12.21,12.22,11.36,11.52,2941954.24
2026-01-26,11.53,12.13,11.51,11.95,2032874.78
2026-01-27,11.94,12.19,11.84,12.03,2172577.81
2026-01-28,12.03,12.07,11.69,11.84,1644483.52
2026-01-29,11.85,11.87,10.83,11.13,3626057.88
2026-01-30,11.13,11.17,10.51,10.79,4786187.32
2026-01-31,10.79,10.84,8.97,9.99,9723508.97
2026-02-01,9.99,10.08,9.22,9.41,5435399.92
2026-02-02,9.4,10.04,9.02,9.81,7134765.79
2026-02-03,9.8,9.9,9.08,9.49,5840286.03
2026-02-04,9.49,9.78,9.02,9.25,5382703.22
2026-02-05,9.26,9.36,7.85,7.92,12548184.43
2026-02-06,7.92,9.01,7.15,8.88,11728958.3
2026-02-07,8.88,9.05,8.58,8.91,6639108.5
2026-02-08,8.91,9.05,8.72,8.83,2536395.22
2026-02-09,8.83,9.02,8.44,8.83,2810980.42
2026-02-10,8.84,8.89,8.47,8.57,2423078.44
2026-02-11,8.57,8.62,8.13,8.33,4013442.3
2026-02-12,8.32,8.6,8.17,8.41,2312895.87
2026-02-13,8.41,8.91,8.3,8.77,2312791.37
2026-02-14,8.76,9.21,8.75,9.09,2831707.88
2026-02-15,9.1,9.25,8.6,8.79,3072824.5
2026-02-16,8.79,8.99,8.65,8.94,1897487.0
2026-02-17,8.93,9.0,8.66,8.82,1822045.86
2026-02-18,8.83,9.0,8.52,8.6,1800699.08
2026-02-19,8.6,8.76,8.35,8.58,1710735.8
2026-02-20,8.58,9.02,8.45,8.95,3124444.03
2026-02-21,8.95,9.05,8.85,8.87,1904565.08
2026-02-22,8.87,8.9,8.6,8.69,1310299.33
2026-02-23,8.69,8.7,8.17,8.26,4307602.85
2026-02-24,8.27,8.34,8.05,8.19,2590017.43
2026-02-25,8.2,9.59,8.18,9.27,5682666.11
2026-02-26,9.27,9.34,8.86,9.09,3368687.02
2026-02-27,9.1,9.3,8.55,8.71,2186732.81
2026-02-28,8.71,8.95,8.21,8.85,4572875.45
2026-03-01,8.85,9.21,8.54,8.67,3557448.24
2026-03-02,8.67,9.27,8.59,8.96,3615246.46
2026-03-03,8.95,9.02,8.56,8.8,2444530.23
2026-03-04,8.81,9.64,8.68,9.35,4234226.0
2026-03-05,9.35,9.49,9.07,9.21,3411090.96
2026-03-06,9.2,9.3,8.67,8.8,2220301.94
2026-03-07,8.8,8.86,8.64,8.7,1183315.17
2026-03-08,8.7,8.78,8.4,8.52,2230662.96
2026-03-09,8.51,9.1,8.51,8.87,3227979.6
2026-03-10,8.87,9.19,8.85,8.99,3158638.13
2026-03-11,8.98,9.18,8.86,8.99,2870982.98
2026-03-12,8.99,9.11,8.83,9.05,2618504.7
2026-03-13,9.06,9.6,9.02,9.08,4660242.88
2026-03-14,9.08,9.18,8.92,9.17,1876782.32
2026-03-15,9.17,9.56,9.11,9.5,3028709.92
2026-03-16,9.5,10.08,9.41,9.92,6674046.47
2026-03-17,9.92,10.03,9.68,9.79,3821697.74
2026-03-18,9.79,9.93,9.08,9.22,3501468.16
2026-03-19,9.23,9.34,8.89,9.04,3762569.79
2026-03-20,9.05,9.21,8.96,9.12,2825699.88
2026-03-21,9.11,9.17,8.76,8.82,1541020.98
2026-03-22,8.82,8.97,8.57,8.68,3112411.45
2026-03-23,8.69,9.29,8.58,9.11,6135696.2
2026-03-24,9.1,9.27,9.01,9.25,3558808.47
2026-03-25,9.25,9.5,9.17,9.37,2945718.74
2026-03-26,9.37,9.39,8.81,8.91,3050140.21
2026-03-27,8.92,8.98,8.48,8.57,3065203.64
2026-03-28,8.57,8.7,8.37,8.44,2100702.76
2026-03-29,8.43,8.59,8.2,8.42,1505046.94
2026-03-30,8.42,8.93,8.4,8.62,2979309.11
2026-03-31,8.63,8.89,8.5,8.78,2519101.5
2026-04-01,8.78,9.2,8.74,8.94,3121335.95
2026-04-02,8.94,9.01,8.42,8.63,3321091.67
2026-04-03,8.63,8.81,8.59,8.65,1234713.25
2026-04-04,8.65,8.78,8.61,8.69,766284.03
2026-04-05,8.7,8.87,8.47,8.82,1344492.41
2026-04-06,8.83,9.15,8.72,8.81,2682459.36
2026-04-07,8.8,9.42,8.57,9.29,5126596.75
2026-04-08,9.29,9.34,8.84,8.85,3690230.33
2026-04-09,8.85,9.19,8.68,8.95,3835280.7
2026-04-10,8.95,9.18,8.88,9.09,2333686.56
2026-04-11,9.09,9.28,8.95,9.06,1746125.68
2026-04-12,9.06,9.09,8.68,8.73,2866517.68
2026-04-13,8.73,9.44,8.69,9.36,3781621.19
2026-04-14,9.36,9.39,8.93,9.02,3609432.01
2026-04-15,9.02,9.37,8.99,9.26,2334789.83
2026-04-16,9.26,9.68,9.11,9.59,4082356.17
2026-04-17,9.6,9.87,9.34,9.62,3135331.69
2026-04-18,9.61,9.65,9.26,9.28,2589699.09
2026-04-19,9.29,9.38,9.0,9.06,2962475.44
2026-04-20,9.06,9.41,9.05,9.29,2478133.2
2026-04-21,9.29,9.49,9.24,9.4,2477296.66
2026-04-22,9.4,9.56,9.28,9.29,2289309.75
2026-04-23,9.29,9.39,9.14,9.35,2304122.04
2026-04-24,9.35,9.45,9.24,9.38,1230308.17
2026-04-25,9.38,9.45,9.28,9.34,833162.6
2026-04-26,9.35,9.54,9.3,9.48,1246448.8
2026-04-27,9.48,9.6,9.15,9.33,1926098.43
2026-04-28,9.32,9.34,9.15,9.24,1122921.4
2026-04-29,9.24,9.42,8.91,9.11,1885066.76
2026-04-30,9.12,9.19,9.02,9.11,1204783.23
2026-05-01,9.11,9.28,9.06,9.1,1306158.03
2026-05-02,9.09,9.25,9.06,9.17,1264435.03
2026-05-03,9.18,9.22,9.07,9.13,1338148.69
2026-05-04,9.13,9.66,9.09,9.36,6132997.73
2026-05-05,9.35,9.85,9.35,9.76,3715634.06
2026-05-06,9.76,10.26,9.75,9.99,4810816.94
2026-05-07,9.99,10.13,9.8,9.85,2649305.39
2026-05-08,9.85,10.5,9.77,10.34,4564781.91
2026-05-09,10.34,10.61,10.28,10.37,2407310.32
2026-05-10,10.38,10.87,10.28,10.72,3089040.35
2026-05-11,10.71,10.76,10.4,10.6,3055981.1
2026-05-12,10.59,10.6,10.09,10.28,3241110.31
2026-05-13,10.29,10.81,10.03,10.21,4519819.65
2026-05-14,10.21,10.77,10.09,10.48,4564747.64
2026-05-15,10.48,10.57,9.96,10.07,2721083.62
2026-05-16,10.07,10.1,9.61,9.72,2595532.92
2026-05-17,9.71,9.85,9.34,9.57,2565815.45
2026-05-18,9.57,9.62,9.31,9.6,2891343.19
2026-05-19,9.61,9.83,9.43,9.45,2071257.97
2026-05-20,9.45,9.632,9.38,9.623,682300.6
